Timestamp;Temperature (Celsius);Humidity (%)
2023-10-08 10:05:48;27,54;59,04
2023-05-04 10:05:48;25,11;47,84
2023-12-19 10:05:48;28,62;44,05
2024-01-17 10:05:48;18,69;58,16
2023-11-30 10:05:48;29,73;63,38
2023-02-08 10:05:48;14,98;55,7
2023-03-11 10:05:48;20,42;57,42
2023-08-29 10:05:48;20,52;57,2
2023-11-24 10:05:48;13,88;50,01
2023-02-16 10:05:48;17,32;64,07
2023-12-15 10:05:48;24,9;58,05
2023-05-19 10:05:48;13,02;46,35
2023-05-20 10:05:48;13,25;49,18
2023-08-09 10:05:48;26,04;41,05
2023-05-12 10:05:48;24,06;66,49
2023-09-21 10:05:48;19,38;54,89
2023-10-07 10:05:48;22,78;76,4
2023-12-29 10:05:48;29,91;64,02
2024-01-21 10:05:48;24,02;54,04
2023-02-26 10:05:48;27,8;62,44
2023-08-08 10:05:48;21,14;62,6
2024-02-05 10:05:48;13,25;67,59
2023-09-04 10:05:48;28,2;73,43
2023-12-09 10:05:48;19,31;43,48
2023-09-10 10:05:48;15,54;68,77
2023-05-02 10:05:48;18,25;72,92
2023-03-23 10:05:48;24,04;69
2023-05-30 10:05:48;26,49;69,1
2023-04-02 10:05:48;22,78;69,97
2023-04-18 10:05:48;10,78;58,01
2023-06-08 10:05:48;23,5;50,89
2023-08-22 10:05:48;25,49;49,8
2023-02-16 10:05:48;29,98;61,6
2023-07-26 10:05:48;24,77;62,37
2023-04-12 10:05:48;29,1;46,93
2023-03-22 10:05:48;13,44;68,75
2023-07-29 10:05:48;23,96;51,52
2023-04-07 10:05:48;15,57;47,53
2023-04-07 10:05:48;11,36;69,29
2023-02-28 10:05:48;26,15;60,96
2023-09-19 10:05:48;13,04;74,85
2023-04-15 10:05:48;22,36;71,61
2023-08-17 10:05:48;19,89;60,1
2023-10-26 10:05:48;28,96;56,54
2023-12-08 10:05:48;25,9;78,53
2023-07-19 10:05:48;16,83;74,79
2024-01-26 10:05:48;27,37;58,68
2023-12-09 10:05:48;29,4;53,62
2024-01-07 10:05:48;15,59;55,88
2023-08-03 10:05:48;26,65;68,26
2024-02-01 10:05:48;22,47;47,66
2023-05-31 10:05:48;10,65;63,46
2023-09-20 10:05:48;13,02;53,47
2023-11-19 10:05:48;10,17;67,1
2023-03-24 10:05:48;18,13;70,01
2023-11-16 10:05:48;14,91;59,32
2023-03-29 10:05:48;23,4;69,06
2024-01-17 10:05:48;15,67;77,56
2023-07-28 10:05:48;28,2;47,29
2023-09-16 10:05:48;14,47;53,55
2023-04-22 10:05:48;24,62;66,48
2023-11-17 10:05:48;29,23;52,98
2023-09-22 10:05:48;15,33;70,51
2023-07-27 10:05:48;19,56;47,62
2023-04-24 10:05:48;13,42;74,41
2023-07-06 10:05:48;26,28;62,52
2023-03-10 10:05:48;15,75;41,36
2023-02-14 10:05:48;27,18;46,49
2023-11-06 10:05:48;23,01;53,6
2023-09-12 10:05:48;29,18;44,9
2023-02-07 10:05:48;13,14;77,09
2024-02-01 10:05:48;29,79;51,1
2023-09-04 10:05:48;18,41;57,81
2023-05-20 10:05:48;23,05;79,15
2023-07-26 10:05:48;26,96;47,68
2024-01-09 10:05:48;16,59;44,5
2023-06-26 10:05:48;15,35;43,83
2023-10-18 10:05:48;28,81;77,45
2023-08-08 10:05:48;19,59;74,87
2023-02-12 10:05:48;26,31;52,45
2023-06-18 10:05:48;29,39;52,3
2023-11-02 10:05:48;29,45;52,84
2023-07-09 10:05:48;20,7;47,26
2023-12-25 10:05:48;25,48;55,74
2024-01-17 10:05:48;13,29;65,39
2023-02-17 10:05:48;13,87;40,43
2023-11-15 10:05:48;18,89;52,83
2024-01-28 10:05:48;13,48;67,68
2023-02-10 10:05:48;25,7;48,67
2023-09-11 10:05:48;23,86;60,39
2023-12-20 10:05:48;20,31;64,2
2023-06-06 10:05:48;18,83;67,33
2023-03-26 10:05:48;11,6;75,03
2023-03-04 10:05:48;15,45;71,79
2023-05-26 10:05:48;19,91;59,72
2023-10-19 10:05:48;20,03;71,03
2023-03-29 10:05:48;14,99;51,45
2023-02-10 10:05:48;20,59;54,86
2023-06-27 10:05:48;25,14;71,82
2023-12-30 10:05:48;22,27;47,48
2023-06-06 10:05:48;15,45;73,67
2023-04-25 10:05:48;13,55;50,34
2023-02-24 10:05:48;29,68;68,93
2023-12-19 10:05:48;17,68;44,54
2023-07-29 10:05:48;11,98;46,87
2023-11-26 10:05:48;15,93;67,13
2023-08-30 10:05:48;16,49;51,36
2023-11-17 10:05:48;23,79;57,75
2023-11-13 10:05:48;20,89;79,45
2023-03-20 10:05:48;12,87;67,37
2023-05-31 10:05:48;11,12;58,66
2023-02-24 10:05:48;25,34;40,01
2023-11-13 10:05:48;15,19;52,73
2024-01-18 10:05:48;28,27;60,7
2023-12-05 10:05:48;17;74,62
2023-11-26 10:05:48;24,52;57,21
2023-12-26 10:05:48;19,29;58,42
2023-03-14 10:05:48;18,33;51,56
2023-09-14 10:05:48;23,27;63,31
2023-10-30 10:05:48;18,96;65,31
2024-01-23 10:05:48;21,1;73,61
2023-06-15 10:05:48;11,28;53,12
2023-12-06 10:05:48;18,92;53,29
2023-09-28 10:05:48;21,46;41,49
2023-05-03 10:05:48;29,29;56,44
2023-07-10 10:05:48;17,77;53,59
2023-07-19 10:05:48;11,02;72,74
2023-11-17 10:05:48;10,68;67,17
2023-12-04 10:05:48;25,4;65,57
2023-09-07 10:05:48;25,71;44,14
2023-06-01 10:05:48;21,1;72,45
2023-06-04 10:05:48;29,24;54,34
2023-07-25 10:05:48;10,28;51,43
2024-01-02 10:05:48;20,52;51,2
2023-09-05 10:05:48;10,56;75,65
2023-03-23 10:05:48;25,15;58,09
2023-11-10 10:05:48;12,74;51
2023-04-15 10:05:48;26,39;55,89
2023-12-10 10:05:48;24,33;60,85
2023-05-31 10:05:48;26,3;51,76
2023-11-15 10:05:48;19,38;66,43
2023-11-16 10:05:48;25,08;40,72
2024-01-18 10:05:48;23,49;40,09
2024-01-18 10:05:48;11,78;54,98
2023-07-25 10:05:48;10,81;60,99
2023-04-25 10:05:48;19,16;40,24
2023-11-30 10:05:48;26;40,5
2023-04-10 10:05:48;15,99;65,95
2023-09-08 10:05:48;13,49;69,41
2023-04-07 10:05:48;27,42;49,81
2023-02-10 10:05:48;20,33;47,95
2023-06-25 10:05:48;26,97;42,27
2023-03-25 10:05:48;27,38;50,95
2023-08-26 10:05:48;13,95;43,33
2023-03-15 10:05:48;26,51;41,91
2023-03-25 10:05:48;13,77;71,16
2023-08-02 10:05:48;15,52;50,36
2023-10-27 10:05:48;17,46;40,59
2024-02-02 10:05:48;20,04;46,78
2023-10-26 10:05:48;18,01;63,18
2023-05-06 10:05:48;26,24;72,13
2023-12-04 10:05:48;14,3;62,91
2023-08-20 10:05:48;11,25;47,68
2023-05-15 10:05:48;28,38;63,54
2023-03-04 10:05:48;28,3;64,11
2023-07-02 10:05:48;24,74;58,96
2023-02-22 10:05:48;28,56;79,45
2023-02-11 10:05:48;20,82;63,81
2023-12-01 10:05:48;16,44;45,74
2023-03-20 10:05:48;24,2;53,87
2023-05-29 10:05:48;22,15;58,76
2023-10-27 10:05:48;21,81;55,41
2023-08-17 10:05:48;23,86;64,43
2023-07-07 10:05:48;24,5;45,04
2023-06-07 10:05:48;18,09;54,27
2023-09-09 10:05:48;25,67;58,33
2023-05-29 10:05:48;17,05;70,6
2023-07-05 10:05:48;18,22;58,89
2023-11-23 10:05:48;16,53;50,84
2023-09-03 10:05:48;25,41;75,73
2023-04-04 10:05:48;29,84;54,09
2023-12-25 10:05:48;21,61;52,48
2023-11-19 10:05:48;10,75;52,97
2023-03-28 10:05:48;22,98;41,76
2023-03-30 10:05:48;12,51;48,13
2023-11-11 10:05:48;17,38;45,46
2023-06-01 10:05:48;16,32;61,54
2023-07-09 10:05:48;25,44;54,31
2023-02-08 10:05:48;13,84;47,85
2023-12-27 10:05:48;12,02;50,56
2023-05-21 10:05:48;11,44;76,9
2023-04-30 10:05:48;10,92;69,32
2024-01-21 10:05:48;24,83;72,96
2023-12-20 10:05:48;21,01;69,83
2023-05-19 10:05:48;13,89;68,13
2023-10-31 10:05:48;26,64;51,41
2023-12-19 10:05:48;24,66;78,29
2023-09-30 10:05:48;29,39;58,18
2023-02-08 10:05:48;24,88;48,8
2023-12-26 10:05:48;15,28;55,54
2024-01-16 10:05:48;12,46;77,45
2023-12-24 10:05:48;12,06;63,08
2023-08-19 10:05:48;12,92;43,19
2023-10-15 10:05:48;11,73;65,1
2023-04-23 10:05:48;13,87;70,62
2023-06-13 10:05:48;21,03;63,09
2023-03-11 10:05:48;27,21;54,4
2023-10-17 10:05:48;24,55;54,72
2023-08-20 10:05:48;29,6;44,1
2023-08-03 10:05:48;17,26;52,09
2023-08-31 10:05:48;25,58;59,12
2023-04-17 10:05:48;28,58;57,11
2023-12-22 10:05:48;11,47;43,66
2023-11-23 10:05:48;21,99;67,45
2023-10-09 10:05:48;25,98;65,88
2023-05-31 10:05:48;26,44;71,04
2023-06-17 10:05:48;21,24;47,69
2024-01-27 10:05:48;16,8;56,13
2023-07-14 10:05:48;14,1;55,82
2023-08-17 10:05:48;25,07;44,93
2023-04-29 10:05:48;23,07;71,32
2023-12-14 10:05:48;29,14;52,28
2023-10-06 10:05:48;27,54;50,58
2023-08-13 10:05:48;29,67;59,12
2023-06-06 10:05:48;20,57;50,43
2023-05-19 10:05:48;24,11;77,13
2023-10-10 10:05:48;29,54;46,33
2023-12-28 10:05:48;25,58;72,04
2024-01-10 10:05:48;27,41;57,57
2024-01-26 10:05:48;18,15;68,97
2023-02-18 10:05:48;14,82;52,81
2023-03-14 10:05:48;23,03;77,86
2023-10-05 10:05:48;18,56;73,69
2023-08-04 10:05:48;13,6;77,8
2023-05-22 10:05:48;17,03;63,14
2023-12-16 10:05:48;13,14;72,47
2023-08-20 10:05:48;17,09;59,98
2023-02-19 10:05:48;26,94;71,05
2023-02-13 10:05:48;12,97;74,97
2023-03-27 10:05:48;23,35;43,46
2023-07-24 10:05:48;11,5;58,78
2023-12-11 10:05:48;16,11;69,69
2023-10-15 10:05:48;20,34;75,08
2024-01-06 10:05:48;25,41;51,09
2023-11-21 10:05:48;17,63;71,89
2023-11-17 10:05:48;26,3;57,11
2023-06-22 10:05:48;17,91;68,53
2023-11-16 10:05:48;28,64;42,12
2023-07-23 10:05:48;21,3;55,76
2024-01-11 10:05:48;10,07;60,13
2023-05-07 10:05:48;28,43;70,42
2023-08-17 10:05:48;19,44;44,19
2023-04-07 10:05:48;29,42;41,84
2023-03-02 10:05:48;21,13;65,6
2023-11-17 10:05:48;26,57;63,35
2023-02-14 10:05:48;17,62;58,64
2023-08-28 10:05:48;25,04;53,33
2023-09-23 10:05:48;25,19;50,89
2023-09-08 10:05:48;14,81;45,73
2023-10-02 10:05:48;16,31;69,61
2023-09-23 10:05:48;22,28;60,55
2023-08-02 10:05:48;14,84;73,97
2023-05-30 10:05:48;16,61;76,37
2023-09-20 10:05:48;24,75;73,76
2024-01-11 10:05:48;17,72;73,55
2023-08-19 10:05:48;23,86;44,14
2023-03-05 10:05:48;10,05;47,36
2023-12-06 10:05:48;21,3;50,06
2023-08-12 10:05:48;22,51;46,48
2023-02-21 10:05:48;17,65;49,27
2023-10-18 10:05:48;11,19;66,23
2023-12-22 10:05:48;19,76;77,71
2023-05-14 10:05:48;21,22;63,45
2023-07-18 10:05:48;24,11;42,03
2023-08-12 10:05:48;15,73;40,58
2023-09-01 10:05:48;11,3;54,94
2024-01-23 10:05:48;16;61,9
2023-07-19 10:05:48;28,94;52,51
2023-11-03 10:05:48;18,41;41,95
2023-06-01 10:05:48;14,07;64,66
2023-06-04 10:05:48;10,57;77,91
2023-11-30 10:05:48;24,62;67,13
2023-03-16 10:05:48;11,52;75,91
2023-08-02 10:05:48;28,94;45,27
2023-12-20 10:05:48;24,69;51,89
2023-11-12 10:05:48;17,42;51,14
2023-04-25 10:05:48;23,61;62,43
2023-06-02 10:05:48;11,09;43,31
2023-10-04 10:05:48;28,44;44,48
2023-03-17 10:05:48;24,99;42,72
2023-02-18 10:05:48;27,28;54,29
2023-12-31 10:05:48;10,95;67,07
2023-10-07 10:05:48;27,58;62,23
2023-08-17 10:05:48;16,02;79,56
2023-09-08 10:05:48;20,75;54,1
2024-02-01 10:05:48;20,45;48,51
2023-05-01 10:05:48;18,46;41,97
2024-01-17 10:05:48;10,5;60,92
2023-03-28 10:05:48;27,97;78,96
2023-07-15 10:05:48;29,86;72,36
2023-04-10 10:05:48;26,91;53,05
2023-04-30 10:05:48;10,04;43,33
2023-06-25 10:05:48;20,95;67,49
2023-05-19 10:05:48;10,6;59,68
2023-07-13 10:05:48;28,01;55,19
2023-05-16 10:05:48;16,25;60,69
2023-03-15 10:05:48;15,37;55,98
2024-01-31 10:05:48;16,55;53,08
2023-04-08 10:05:48;12,48;73,55
2023-05-26 10:05:48;28,28;45,95
2023-05-10 10:05:48;14,77;75,44
2023-06-10 10:05:48;25,41;58,23
2023-10-31 10:05:48;22,92;61,42
2023-07-30 10:05:48;22,82;79
2023-07-18 10:05:48;17,91;55,71
2023-12-16 10:05:48;10,95;44,98
2023-08-24 10:05:48;19,68;63,44
2023-09-10 10:05:48;12,69;68,98
2023-02-07 10:05:48;23,33;60,72
2023-11-09 10:05:48;26,22;75,12
2023-07-25 10:05:48;28,8;65,34
2023-06-30 10:05:48;28,35;71,67
2023-03-06 10:05:48;29,51;45,22
2023-02-13 10:05:48;28,18;66,67
2023-09-05 10:05:48;19,22;65,1
2023-03-03 10:05:48;17,48;77,28
2023-05-22 10:05:48;19,23;43,05
2023-07-16 10:05:48;23,82;57,2
2023-12-10 10:05:48;14,92;44,16
2023-03-01 10:05:48;16,75;44,15
2023-06-12 10:05:48;23,27;73,39
2023-10-05 10:05:48;10,49;68,04
2023-07-02 10:05:48;29,74;59,11
2023-02-09 10:05:48;29,02;42,87
2023-03-08 10:05:48;14,39;63
2024-01-02 10:05:48;19,5;66,93
2023-07-08 10:05:48;29,7;51,71
2023-04-20 10:05:48;11,3;53,98
2023-11-24 10:05:48;20,61;49,97
2023-05-31 10:05:48;29,51;66,87
2024-01-28 10:05:48;18,89;65,53
2023-04-09 10:05:48;29,72;49,81
2023-03-05 10:05:48;16,48;57,46
2023-08-25 10:05:48;11,66;55,48
2024-02-05 10:05:48;16,67;60,42
2023-03-31 10:05:48;24,4;58,86
2023-09-02 10:05:48;22,87;70,83
2023-04-16 10:05:48;11,29;54,09
2023-08-13 10:05:48;17,03;63,94
2023-08-26 10:05:48;27,11;59,77
2023-04-18 10:05:48;12,75;40,45
2023-09-01 10:05:48;28,26;60,26
2023-10-09 10:05:48;29,35;49,33
2023-11-12 10:05:48;11,75;46,04
2023-03-13 10:05:48;13,42;76,08
2023-04-06 10:05:48;12,64;69,27
2023-04-29 10:05:48;25,95;72,41
2023-03-15 10:05:48;16,98;53,29
2023-10-25 10:05:48;15,14;55,21
2023-06-15 10:05:48;14,31;65,38
2023-02-28 10:05:48;16,93;58,74
2023-09-22 10:05:48;19,49;77,81
2024-02-05 10:05:48;22,97;56,81
2023-11-12 10:05:48;21,42;70,11
2023-06-25 10:05:48;20,5;62,25
2023-08-26 10:05:48;13,88;75,74
2023-03-27 10:05:48;28,11;48,79
2023-06-02 10:05:48;22,93;42,33
2023-06-04 10:05:48;23,48;71,56
2023-12-22 10:05:48;28,1;66,24
2023-07-03 10:05:48;12,95;70,07
2023-06-02 10:05:48;23,66;69,63
2023-02-22 10:05:48;15,89;67,85
2023-10-16 10:05:48;20,6;59,34
2024-01-16 10:05:48;26,7;49,06
2023-04-29 10:05:48;20,79;72,95
2023-08-13 10:05:48;15,62;42,52
2023-09-08 10:05:48;26,71;52,41
2023-09-10 10:05:48;25,6;68,01
2023-12-11 10:05:48;15,17;72,02
2023-05-04 10:05:48;23,93;69,73
2024-02-06 10:05:48;27,55;56,93
2023-04-15 10:05:48;22,79;73,68
2023-11-26 10:05:48;28,75;75,99
2023-05-14 10:05:48;19,87;55,01
2023-04-09 10:05:48;21,11;72,44
2023-02-19 10:05:48;22,53;45,38
2023-07-05 10:05:48;28,06;64,97
2023-08-29 10:05:48;22,79;52,48
2024-01-23 10:05:48;13,68;76,13
2023-03-17 10:05:48;15,44;41,43
2023-05-12 10:05:48;26,01;73,35
2023-04-19 10:05:48;20,94;78,3
2023-02-13 10:05:48;11,13;76,02
2023-12-09 10:05:48;29,21;53,73
2023-03-02 10:05:48;15,79;53,68
2023-03-19 10:05:48;23,57;48,97
2023-06-08 10:05:48;21,57;65,29
2023-12-25 10:05:48;13,83;71,74
2023-12-28 10:05:48;13,43;49,52
2023-03-01 10:05:48;21,19;58,21
2023-03-28 10:05:48;25,51;66,62
2023-07-24 10:05:48;16,03;67,72
2023-04-01 10:05:48;29,92;40,34
2023-11-13 10:05:48;10,57;62,78
2023-10-27 10:05:48;29,66;77,71
2023-02-18 10:05:48;18,59;54,01
2023-06-04 10:05:48;20,13;60,24
2023-09-12 10:05:48;13,02;67,74
2024-01-23 10:05:48;14,6;64,36
2023-05-20 10:05:48;22,43;55,03
2023-08-28 10:05:48;23,84;59,89
2023-06-04 10:05:48;10,86;47,41
2023-06-15 10:05:48;15,99;79,52
2023-11-20 10:05:48;17,87;67,29
2024-01-15 10:05:48;10,72;62,01
2023-04-02 10:05:48;18,64;48,32
2023-03-19 10:05:48;26,76;69,67
2023-02-25 10:05:48;12,83;42,12
2023-02-17 10:05:48;15,2;64,97
2024-01-07 10:05:48;19,21;42,86
2023-06-21 10:05:48;20,03;54,98
2024-01-11 10:05:48;12,68;53,46
2023-05-06 10:05:48;25,78;77,61
2023-09-27 10:05:48;22,07;45,21
2023-04-12 10:05:48;16,42;44,51
2023-12-16 10:05:48;19,26;44,61
2023-09-13 10:05:48;16,82;71,91
2023-06-20 10:05:48;13,79;71,34
2023-08-28 10:05:48;26,64;62,02
2023-07-17 10:05:48;19,92;71,32
2023-03-09 10:05:48;24,11;73,56
2023-10-17 10:05:48;21,3;75,69
2023-11-21 10:05:48;21,66;76,08
2023-11-01 10:05:48;29,81;65,73
2023-06-28 10:05:48;11,87;49,39
2023-02-28 10:05:48;20,51;72,83
2023-08-05 10:05:48;12,51;71,89
2023-10-30 10:05:48;26,58;44,77
2023-07-06 10:05:48;23,66;52,47
2023-04-26 10:05:48;29,98;52,08
2023-12-11 10:05:48;22,56;51,71
2023-10-23 10:05:48;13,93;75,91
2023-11-18 10:05:48;18,92;70,23
2023-11-21 10:05:48;20,32;75,19
2023-12-12 10:05:48;28,59;54,03
2023-07-21 10:05:48;12,66;43,85
2023-05-16 10:05:48;10,45;52,25
2023-02-12 10:05:48;20,09;54,81
2023-05-20 10:05:48;11,04;75,06
2023-07-10 10:05:48;22,85;75,28
2023-07-02 10:05:48;24,33;63,38
2023-10-02 10:05:48;18,55;54,5
2023-10-07 10:05:48;12,21;75,87
2024-01-14 10:05:48;16,4;43,19
2023-03-09 10:05:48;24,39;64,38
2023-05-02 10:05:48;15,92;75,98
2023-11-20 10:05:48;12,38;61,99
2023-02-08 10:05:48;10,84;79,05
2023-03-07 10:05:48;11,13;44,94
2024-01-30 10:05:48;13,43;45,79
2023-03-25 10:05:48;21,43;72,12
2023-10-22 10:05:48;22,8;71,98
2023-02-11 10:05:48;22,26;60,08
2023-11-26 10:05:48;26,08;40,9
2023-11-16 10:05:48;14,24;68,1
2023-05-05 10:05:48;23,29;71,38
2023-02-15 10:05:48;11,37;70,24
2023-10-08 10:05:48;29,02;60,94
2023-06-30 10:05:48;17,3;66,98
2023-11-11 10:05:48;22,09;54,84
2023-05-08 10:05:48;18,56;77,57
2023-10-28 10:05:48;16,32;69,94
2023-04-17 10:05:48;13,83;43,19
2023-09-14 10:05:48;22,45;67,31
2023-07-29 10:05:48;25,61;52,61
2023-10-30 10:05:48;10,32;73,2
2023-10-06 10:05:48;25,38;55,67
2023-09-18 10:05:48;13,23;44,13
2023-10-27 10:05:48;10,88;64,81
2023-12-23 10:05:48;20,83;50,99
2023-12-21 10:05:48;23,74;40,34
2024-01-07 10:05:48;24,98;55,05
2023-02-23 10:05:48;18,95;75,85
2023-05-25 10:05:48;29;58,94
2024-01-11 10:05:48;29,01;57,84
2023-11-22 10:05:48;21,6;46,84
2023-04-04 10:05:48;26,1;53,97
2023-02-14 10:05:48;16,69;73,42
2023-04-07 10:05:48;28;50,65
2023-12-22 10:05:48;17,27;50,87
2023-04-19 10:05:48;29,94;66
2023-06-05 10:05:48;23,7;77,41
2023-03-01 10:05:48;15,32;41,24
2023-03-03 10:05:48;18,88;62,74
2023-03-08 10:05:48;16,4;72,77
2023-06-12 10:05:48;22,68;48,44
2023-08-26 10:05:48;16,31;58,56
2023-03-06 10:05:48;11,43;69,45
2023-12-05 10:05:48;15,61;54,1
2023-12-28 10:05:48;13,04;73,97
2023-06-24 10:05:48;14,95;43,36
2023-04-12 10:05:48;26,51;78,11
2023-08-04 10:05:48;28;50,62
2023-12-17 10:05:48;17,98;52,55
2023-04-27 10:05:48;15,39;54,45
2024-02-01 10:05:48;28,22;40,58
2024-01-17 10:05:48;11,22;50,64
2023-04-18 10:05:48;13,57;41,92
2023-03-10 10:05:48;23,58;77,03
2023-07-09 10:05:48;27,59;56,2
2023-12-02 10:05:48;20,02;44,57
2023-08-14 10:05:48;26,58;47,86
2023-03-27 10:05:48;16,18;59,77
2023-02-26 10:05:48;11,9;69,37
2023-12-14 10:05:48;12,93;76,66
2023-09-23 10:05:48;16,19;72,08
2023-10-06 10:05:48;12,89;54,77
2023-07-09 10:05:48;13,13;43,65
2024-01-24 10:05:48;11,09;42,75
2024-01-28 10:05:48;26,34;45,87
2023-03-29 10:05:48;28,2;40,82
2023-11-26 10:05:48;28,56;75,91
2023-12-08 10:05:48;29,16;57,61
2023-08-01 10:05:48;15,93;64,07
2023-07-27 10:05:48;13;78,64
2023-12-21 10:05:48;12,19;41,29
2023-12-23 10:05:48;23,15;54,77
2024-01-25 10:05:48;20,77;69,4
2024-01-29 10:05:48;14,89;53,78
2023-12-22 10:05:48;21,98;70,97
2023-10-03 10:05:48;18,96;59,7
2023-05-22 10:05:48;26,79;47,4
2024-01-31 10:05:48;11,7;48,74
2023-09-27 10:05:48;29,01;54,07
2023-05-02 10:05:48;14,21;73,92
2023-12-23 10:05:48;26,36;40,27
2024-01-24 10:05:48;11,03;77,8
2023-04-29 10:05:48;28,09;46,38
2023-10-25 10:05:48;28,07;54,86
2023-07-20 10:05:48;26,5;67,34
2023-06-08 10:05:48;13,53;54,36
2023-12-29 10:05:48;10,74;73,94
2023-04-27 10:05:48;13,45;52,42
2023-04-16 10:05:48;26,36;40,99
2024-01-31 10:05:48;12,26;68,27
2023-03-20 10:05:48;25,24;53,11
2023-10-06 10:05:48;15,36;57,06
2023-04-10 10:05:48;27,96;61,9
2023-10-08 10:05:48;11,83;61,74
2023-04-16 10:05:48;21,4;77,44
2023-07-26 10:05:48;18,56;50,4
2023-02-09 10:05:48;19,3;70,96
2023-02-07 10:05:48;23,91;46,95
2023-05-28 10:05:48;23,17;65,82
2023-03-08 10:05:48;16,88;49,32
2023-08-25 10:05:48;14,46;71,67
2024-01-22 10:05:48;25,2;45,66
2023-11-05 10:05:48;17,97;62,28
2023-04-16 10:05:48;14,32;51,16
2023-10-18 10:05:48;26,74;77,82
2023-09-23 10:05:48;25,53;64,09
2023-05-03 10:05:48;29,35;55,6
2023-03-03 10:05:48;15,57;65,91
2023-12-12 10:05:48;10,5;42,65
2023-04-27 10:05:48;27,75;64,38
2023-10-15 10:05:48;22,82;62,14
2023-05-08 10:05:48;28,18;74,74
2023-04-23 10:05:48;27,61;72,41
2023-05-26 10:05:48;25,4;41,18
2023-08-10 10:05:48;15,56;49,97
2023-11-15 10:05:48;13,62;74,36
2024-01-22 10:05:48;23,89;75,29
2023-04-05 10:05:48;16,44;55,06
2023-12-16 10:05:48;13,11;77,77
2024-01-10 10:05:48;20,4;69,4
2023-02-26 10:05:48;27,79;60,44
2023-05-18 10:05:48;19,51;62,99
2024-01-09 10:05:48;19,94;77,11
2023-04-23 10:05:48;21,07;75,84
2023-09-28 10:05:48;21,6;47,91
2023-09-14 10:05:48;11,23;40,01
2023-11-23 10:05:48;18,75;73,75
2023-05-17 10:05:48;28,52;47,72
2023-12-04 10:05:48;24,76;52,77
2023-03-06 10:05:48;19,43;70,14
2024-01-10 10:05:48;22,15;54,41
2023-08-01 10:05:48;24,39;75,21
2023-06-05 10:05:48;25,11;72,1
2023-03-04 10:05:48;25,39;67,36
2023-02-12 10:05:48;13,02;45,64
2023-12-03 10:05:48;15,02;69,68
2023-02-27 10:05:48;19,65;43,75
2023-03-18 10:05:48;24,91;43,29
2023-10-13 10:05:48;27,36;78,55
2023-11-05 10:05:48;14,41;69,51
2023-12-05 10:05:48;20,97;41,03
2023-07-26 10:05:48;13,06;77,83
2023-10-14 10:05:48;24,34;74,43
2023-11-26 10:05:48;26,84;52,25
2023-12-10 10:05:48;24,47;66,72
2024-01-18 10:05:48;15,52;70,99
2023-07-11 10:05:48;24,82;59,48
2023-06-11 10:05:48;29,97;79,55
2023-10-28 10:05:48;29,6;74,48
2023-03-09 10:05:48;13,68;74,05
2024-01-14 10:05:48;14,01;61,4
2023-06-11 10:05:48;18,38;48,86
2023-11-27 10:05:48;25,14;79,93
2023-03-22 10:05:48;19,01;61,37
2023-04-25 10:05:48;27,22;65,63
2023-09-08 10:05:48;24,92;40,88
2023-11-29 10:05:48;24,63;63,68
2023-11-07 10:05:48;15,32;59,18
2024-01-24 10:05:48;23,56;62
2024-01-07 10:05:48;20,29;46,91
2024-02-03 10:05:48;15,15;61,32
2023-05-01 10:05:48;18,03;65,66
2023-08-27 10:05:48;12,66;52,18
2023-04-29 10:05:48;20,03;60,75
2023-02-24 10:05:48;27,14;51,62
2023-10-03 10:05:48;23,92;45,49
2023-04-06 10:05:48;27,45;49,36
2023-11-04 10:05:48;27,28;58,1
2024-01-17 10:05:48;24,54;77,38
2023-06-06 10:05:48;26,28;69,64
2023-04-11 10:05:48;22,42;49,72
2024-02-06 10:05:48;12,23;47,72
2023-02-07 10:05:48;27,44;58,39
2023-05-21 10:05:48;10,33;64,52
2024-01-11 10:05:48;29,35;49,19
2023-11-30 10:05:48;18,25;56,36
2023-09-09 10:05:48;15,96;79,29
2023-03-01 10:05:48;23,79;65,68
2024-01-08 10:05:48;14,88;55,75
2023-05-25 10:05:48;25;66,96
2023-07-16 10:05:48;24,31;52,76
2023-10-29 10:05:48;25,51;75,23
2024-01-02 10:05:48;29,02;69,82
2023-06-04 10:05:48;29,03;72,96
2023-06-25 10:05:48;16,97;74,24
2023-11-17 10:05:48;12,45;75,85
2023-07-30 10:05:48;13,72;52,59
2023-05-06 10:05:48;27,33;60,65
2023-07-02 10:05:48;15,17;77,26
2023-04-21 10:05:48;27,73;74,69
2023-04-26 10:05:48;28,41;44,87
2023-10-22 10:05:48;15,85;52,03
2023-10-02 10:05:48;13,08;47,69
2023-06-09 10:05:48;25,94;58,45
2023-12-11 10:05:48;11,83;53,85
2023-04-26 10:05:48;24,71;53,63
2023-08-09 10:05:48;16,35;44,87
2023-09-28 10:05:48;27,16;62,56
2023-04-19 10:05:48;13,63;73,96
2023-02-25 10:05:48;26,09;60,67
2023-03-23 10:05:48;23,5;42,59
2023-05-26 10:05:48;15,97;41,24
2023-07-19 10:05:48;27,83;42,24
2023-05-25 10:05:48;16,54;78,73
2023-04-01 10:05:48;27,47;55,56
2023-12-06 10:05:48;27,24;71,01
2023-07-06 10:05:48;22,01;60,92
2023-05-10 10:05:48;26,3;62,76
2023-07-18 10:05:48;16,04;42,51
2023-08-26 10:05:48;18,53;44,45
2023-06-05 10:05:48;19,82;53,98
2023-09-15 10:05:48;18;44,89
2023-10-15 10:05:48;25,71;71,73
2023-10-26 10:05:48;19,12;73,76
2023-12-12 10:05:48;14,61;79,61
2023-12-05 10:05:48;25,87;79,37
2024-01-11 10:05:48;20,12;52,77
2023-02-09 10:05:48;22,65;48,16
2023-08-10 10:05:48;17,17;74,4
2023-02-18 10:05:48;12,65;79,86
2023-02-27 10:05:48;12,89;58,61
2023-06-26 10:05:48;12,07;73,44
2023-11-01 10:05:48;10,57;58,96
2023-02-13 10:05:48;19,13;43,06
2023-06-04 10:05:48;27,1;45,78
2023-07-10 10:05:48;16,12;63,38
2024-01-09 10:05:48;21,84;60,34
2023-04-23 10:05:48;17,66;76,81
2023-12-15 10:05:48;17,56;74,34
2023-11-03 10:05:48;23,64;41,66
2023-04-22 10:05:48;28,02;66,12
2023-09-21 10:05:48;16,93;52,47
2023-12-12 10:05:48;16,8;45,07
2023-08-04 10:05:48;20,7;70,58
2023-11-10 10:05:48;28,16;41,98
2024-01-16 10:05:48;11,84;71,1
2023-10-29 10:05:48;16,29;42,08
2023-08-12 10:05:48;28,34;61,61
2023-07-23 10:05:48;27,8;70,45
2023-02-15 10:05:48;13,06;69,03
2023-09-02 10:05:48;19,46;53,88
2023-09-05 10:05:48;10,09;62,22
2023-04-08 10:05:48;13,71;60,34
2023-08-23 10:05:48;16,01;78,66
2023-05-11 10:05:48;18,49;42,3
2023-03-26 10:05:48;21,36;59
2024-01-08 10:05:48;20,98;51,44
2023-02-10 10:05:48;11,72;54,69
2023-12-27 10:05:48;29,74;79,36
2023-07-21 10:05:48;16,17;58,27
2023-09-13 10:05:48;26,68;47,47
2023-09-07 10:05:48;13,54;42,46
2023-08-10 10:05:48;11,56;76,14
2023-10-31 10:05:48;26,39;76,26
2024-01-06 10:05:48;14,53;40,56
2023-08-14 10:05:48;26,35;59,71
2023-10-25 10:05:48;24,88;52,87
2023-08-30 10:05:48;23,48;64,16
2023-02-14 10:05:48;27,93;55,49
2023-07-13 10:05:48;18,86;40,71
2024-01-19 10:05:48;16,22;75,07
2023-04-28 10:05:48;15,65;58,66
2023-02-08 10:05:48;11,14;49,9
2023-07-13 10:05:48;16,52;59,61
2023-09-21 10:05:48;17,54;69,19
2023-10-01 10:05:48;26,24;74,38
2023-08-11 10:05:48;28,08;46,77
2023-12-19 10:05:48;22,6;62,57
2023-07-09 10:05:48;15,28;46,41
2023-06-05 10:05:48;29,22;51,21
2023-03-20 10:05:48;18,76;65,41
2024-01-27 10:05:48;28,44;60,34
2023-07-22 10:05:48;14,34;77,76
2023-11-09 10:05:48;16,12;70,43
2023-04-09 10:05:48;19,74;56,73
2023-03-24 10:05:48;24,3;51,87
2023-07-29 10:05:48;11,2;43,39
2023-04-03 10:05:48;22,52;61,56
2023-10-15 10:05:48;11,61;67,24
2023-10-18 10:05:48;28,34;40,75
2023-02-18 10:05:48;13,93;43,83
2023-03-31 10:05:48;16,43;75,52
2023-11-18 10:05:48;23,71;58,2
2023-03-09 10:05:48;17;63,78
2023-09-10 10:05:48;26,12;63,91
2023-12-15 10:05:48;14,92;45,71
2023-03-28 10:05:48;16,07;61,96
2023-11-27 10:05:48;24,17;76,04
2024-01-02 10:05:48;12,93;72,48
2023-04-10 10:05:48;10,75;73,68
2023-03-06 10:05:48;24,34;52,01
2023-06-09 10:05:48;14,83;44,37
2023-07-28 10:05:48;15,56;46,62
2023-04-05 10:05:48;29,53;41,18
2023-08-12 10:05:48;23,06;68,41
2023-02-28 10:05:48;22,24;72,82
2023-07-25 10:05:48;18,79;73,37
2023-08-19 10:05:48;13,33;64,55
2023-11-27 10:05:48;18,86;59,52
2024-01-10 10:05:48;25,44;47
2023-06-28 10:05:48;25,18;65,92
2023-10-22 10:05:48;17,88;65,31
2023-08-12 10:05:48;29,8;62,58
2023-02-15 10:05:48;24,87;78,73
2023-08-01 10:05:48;22,32;53,07
2023-11-29 10:05:48;10,43;42,22
2023-02-10 10:05:48;24,1;61,37
2024-02-04 10:05:48;13,1;63,91
2023-06-01 10:05:48;15,79;62,03
2023-06-25 10:05:48;19,11;71,94
2023-02-10 10:05:48;19,4;60,24
2023-09-20 10:05:48;19,09;48,71
2024-01-09 10:05:48;14,58;50,37
2023-11-05 10:05:48;13,92;64,88
2023-03-27 10:05:48;19,05;67,84
2023-10-25 10:05:48;21,22;62,02
2023-09-02 10:05:48;29;56,85
2023-06-18 10:05:48;10,08;42,67
2024-01-19 10:05:48;11,69;64,15
2024-01-08 10:05:48;22,1;44,18
2023-05-03 10:05:48;22,15;61,39
2023-08-22 10:05:48;27,35;50,94
2023-12-29 10:05:48;29,73;46,46
2023-04-22 10:05:48;12,76;71,71
2023-03-11 10:05:48;12,26;60,36
2023-03-14 10:05:48;24,71;68,1
2024-02-06 10:05:48;12,84;69,14
2023-09-22 10:05:48;18;60,22
2023-08-30 10:05:48;13,77;58,64
2023-06-27 10:05:48;17;54,8
2023-12-12 10:05:48;16,62;64,95
2024-01-06 10:05:48;29,91;63,54
2023-09-05 10:05:48;19,8;63,41
2023-09-18 10:05:48;18,07;62,97
2023-06-22 10:05:48;13,56;72,48
2023-07-18 10:05:48;22,73;75,64
2023-03-15 10:05:48;24,57;53,94
2023-09-22 10:05:48;12,97;58,53
2024-01-27 10:05:48;11,63;48,31
2023-04-18 10:05:48;17,77;67,14
2023-04-24 10:05:48;10,47;65,47
2023-12-07 10:05:48;19,9;72,28
2023-03-07 10:05:48;22,83;44,7
2023-12-26 10:05:48;26,5;49,83
2023-12-12 10:05:48;19,58;69,54
2023-05-29 10:05:48;22,23;48,88
2023-07-12 10:05:48;24,98;62,09
2024-01-30 10:05:48;27,63;64,86
2023-12-10 10:05:48;24,26;47,3
2023-09-21 10:05:48;25,58;76,56
2023-03-13 10:05:48;11,16;44,04
2023-03-01 10:05:48;22,3;55,21
2024-02-05 10:05:48;21,95;67,32
2023-04-30 10:05:48;19,19;79,8
2023-12-31 10:05:48;22,74;76,14
2023-05-18 10:05:48;25,67;66,78
2023-02-12 10:05:48;14,44;58,81
2023-12-22 10:05:48;16,72;65,59
2024-02-01 10:05:48;14,65;45,68
2023-06-24 10:05:48;25,4;71,27
2023-11-24 10:05:48;10,17;74,5
2023-12-16 10:05:48;20,8;70,67
2023-09-29 10:05:48;14,21;74,57
2023-07-25 10:05:48;14,34;40,56
2023-07-18 10:05:48;23,77;51,58
2023-05-20 10:05:48;26,03;49,77
2023-08-03 10:05:48;28,38;77,18
2023-08-29 10:05:48;18,72;62,28
2023-08-22 10:05:48;17,9;68,89
2023-11-11 10:05:48;25,61;55,3
2023-03-15 10:05:48;28,44;73,1
2023-12-20 10:05:48;17,61;58,04
2023-12-19 10:05:48;21,39;43,88
2023-04-19 10:05:48;29,16;62,92
2023-08-24 10:05:48;17,33;40,2
2023-10-02 10:05:48;18,94;65,9
2023-03-16 10:05:48;21,38;57,23
2023-04-01 10:05:48;15,94;74,04
2023-10-18 10:05:48;12,23;62,9
2024-01-21 10:05:48;25,2;45,81
2023-08-15 10:05:48;23,67;57,21
2023-11-30 10:05:48;12,39;51,79
2023-04-06 10:05:48;22,76;52,32
2023-12-15 10:05:48;18,5;49,28
2023-09-29 10:05:48;21,63;78,44
2023-07-20 10:05:48;24,15;42,76
2024-01-10 10:05:48;29,75;77,92
2023-02-24 10:05:48;12,22;48,46
2023-02-15 10:05:48;16,81;65,01
2023-03-23 10:05:48;10,97;50,75
2023-02-24 10:05:48;26,54;72,39
2023-12-16 10:05:48;11,84;50,98
2023-05-23 10:05:48;16,47;49,88
2023-10-05 10:05:48;15,4;72,36
2023-11-26 10:05:48;20,24;45,76
2023-03-19 10:05:48;25,01;68,61
2023-08-07 10:05:48;19,92;56,16
2023-11-26 10:05:48;25,07;70,89
2023-11-19 10:05:48;29,4;62,91
2023-06-07 10:05:48;20,6;71,16
2024-01-23 10:05:48;14,19;63,57
2023-09-05 10:05:48;29,2;63,92
2023-06-01 10:05:48;13,91;59,58
2023-04-12 10:05:48;14,27;55,36
2023-12-18 10:05:48;26,84;68,71
2024-01-13 10:05:48;24,7;63,95
2023-03-11 10:05:48;25,06;63,62
2023-03-28 10:05:48;11,73;62,1
2024-01-24 10:05:48;17,5;42,93
2023-05-26 10:05:48;25,09;44,89
2023-08-20 10:05:48;28,48;71,74
2023-11-18 10:05:48;10,81;42,41
2023-07-22 10:05:48;16,01;62,08
2023-11-16 10:05:48;25,53;62,19
2024-01-30 10:05:48;14,07;51,31
2024-01-18 10:05:48;23,63;76,47
2023-02-16 10:05:48;11,17;49,4
2023-11-30 10:05:48;13,03;71,08
2024-01-24 10:05:48;25,19;44,93
2023-07-30 10:05:48;13,49;63,4
2023-09-25 10:05:48;17,69;57,65
2023-07-06 10:05:48;29,69;51,57
2023-06-11 10:05:48;17,08;72,05
2024-01-20 10:05:48;28,39;57,38
2024-01-24 10:05:48;20,43;79,06
2023-10-31 10:05:48;23,68;75,31
2023-12-10 10:05:48;26,89;67,74
2023-03-20 10:05:48;29,66;67,84
2024-01-31 10:05:48;24,56;70,91
2023-03-02 10:05:48;15,59;51,24
2023-02-19 10:05:48;13,66;45,03
2023-12-27 10:05:48;10,42;55,67
2023-02-09 10:05:48;27,17;48,77
2023-12-28 10:05:48;18,59;53,1
2023-04-20 10:05:48;17,94;45,56
2023-04-20 10:05:48;28,54;65,2
2023-11-11 10:05:48;13,06;43,01
2023-03-18 10:05:48;25,34;53,21
2023-05-10 10:05:48;17,27;56,08
2023-08-02 10:05:48;19,6;50,26
2023-08-01 10:05:48;21,48;42,98
2023-10-17 10:05:48;24,41;69,45
2023-07-08 10:05:48;11,59;60
2023-06-09 10:05:48;28,45;73,04
2023-09-26 10:05:48;15,53;56,6
2023-07-18 10:05:48;11,02;63,43
2023-12-16 10:05:48;11,74;72,04
2023-11-23 10:05:48;14,32;45,07
2023-04-22 10:05:48;23,93;56,65
2023-02-10 10:05:48;11,51;66,32
2023-02-20 10:05:48;17,36;55,13
2023-11-06 10:05:48;19,54;74,22
2023-09-12 10:05:48;21,8;67,06
2023-12-21 10:05:48;19,84;73,89
2023-11-07 10:05:48;14,32;49,21
2023-03-09 10:05:48;21,53;59,62
2023-04-15 10:05:48;20,51;52,48
2023-08-24 10:05:48;13,77;55,73
2023-02-26 10:05:48;17,48;54,32
2023-10-13 10:05:48;16,29;40,96
2023-04-05 10:05:48;20,26;40,17
2023-08-27 10:05:48;21,89;62,17
2023-07-17 10:05:48;24,02;71,98
2023-03-12 10:05:48;12,27;58,44
2023-02-23 10:05:48;13,08;63,8
2023-03-16 10:05:48;10,25;80
2023-03-06 10:05:48;29,13;44,81
2023-10-03 10:05:48;27,61;62,01
2023-02-12 10:05:48;13,48;47,19
2023-08-09 10:05:48;20,14;44,12
2023-06-13 10:05:48;16,1;51,02
2023-04-05 10:05:48;11,65;79,15
2023-06-05 10:05:48;15,76;64,85
2023-05-30 10:05:48;26,04;75,02
2023-04-02 10:05:48;17,11;56,48
2023-04-21 10:05:48;28,13;41,36
2023-09-29 10:05:48;20,04;54,45
2023-03-14 10:05:48;11,03;54,33
2023-08-25 10:05:48;17,88;65,3
2023-09-23 10:05:48;19,93;56,83
2023-05-28 10:05:48;19,25;47,75
2023-12-01 10:05:48;11,24;72,33
2023-06-27 10:05:48;15,14;42,86
2023-09-21 10:05:48;12,21;68,99
2023-11-09 10:05:48;14,41;46,18
2023-12-18 10:05:48;14,7;60,99
2023-12-15 10:05:48;19,9;50,68
2023-05-12 10:05:48;13,73;40,22
2023-03-09 10:05:48;12,79;50,15
2023-10-03 10:05:48;24,98;67,54
2023-11-25 10:05:48;17,79;71,66
2023-06-03 10:05:48;16,03;53,56
2023-07-01 10:05:48;29,89;51,75
2023-02-20 10:05:48;23,31;66
2023-06-19 10:05:48;13,65;55,65
2023-11-24 10:05:48;29,59;73,23
2023-12-29 10:05:48;23,18;46,37
2023-12-12 10:05:48;16,32;40,06
2023-11-30 10:05:48;14,58;51,05
2023-07-19 10:05:48;29,1;76,9
2023-09-20 10:05:48;15,37;60,32
2023-03-03 10:05:48;15,4;68,85
2023-04-15 10:05:48;13,56;76,77
2023-11-14 10:05:48;21,26;49,62
2023-06-26 10:05:48;20,68;73,18
2023-06-27 10:05:48;13,66;40,17
2023-09-05 10:05:48;12,11;46,4
2023-07-28 10:05:48;24,27;43,59
2023-04-24 10:05:48;14,77;42,93
2024-01-15 10:05:48;10,94;42,9
2023-09-24 10:05:48;19,86;41,58
2023-12-17 10:05:48;10,99;55,89
2023-06-07 10:05:48;21,59;76,5
2023-03-11 10:05:48;24,06;72,05
2023-03-08 10:05:48;17,77;43,85
2023-12-06 10:05:48;27,54;71,27
2023-10-30 10:05:48;20,73;41,83
2023-05-04 10:05:48;21,49;73,98
2023-09-07 10:05:48;12,63;62,19
2023-06-15 10:05:48;27,07;41,25
2023-04-03 10:05:48;12,87;45,25
2023-11-25 10:05:48;25,05;42,79
2023-09-02 10:05:48;27,2;59,38
2024-01-04 10:05:48;19,5;64,14
2023-09-29 10:05:48;28,88;56,09
2023-02-09 10:05:48;20,23;53,01
2023-10-23 10:05:48;22,21;54,47
2024-01-28 10:05:48;22,35;60,41
2023-11-29 10:05:48;25,82;76,75
2023-04-05 10:05:48;22,17;76,73
2023-03-22 10:05:48;24,47;69,03
2023-06-07 10:05:48;10,45;62,39
2024-01-28 10:05:48;11,3;65,43
2023-10-21 10:05:48;24,35;40,68
2023-08-29 10:05:48;24,8;42,46
2023-08-27 10:05:48;13,6;65,22
2023-11-15 10:05:48;18,08;64,81
2023-06-07 10:05:48;18,5;49,72
2023-06-25 10:05:48;17,12;61,03
2023-12-13 10:05:48;26,4;78,47
2023-07-15 10:05:48;10,22;50,06
2023-03-23 10:05:48;21,8;70,06
2023-04-05 10:05:48;14,21;76,86
2023-05-31 10:05:48;23,77;57,85
